label-txt,label-num,rig,rig-rename,anim,anim-rename,category
bt,L00,/woman1/woman12bt.egg,L00.R0004.egg,/woman1/woman12bt-bt4.egg,L00.R0004.A0001.egg,train
bt,L00,/woman1/woman12bt.egg,L00.R0004.egg,/woman1/woman12bt-bt2.egg,L00.R0004.A0002.egg,train
bt,L00,/woman1/woman12bt.egg,L00.R0004.egg,/woman1/woman12bt-bt3.egg,L00.R0004.A0005.egg,train
bt,L00,/woman1/woman12bt.egg,L00.R0004.egg,/woman1/woman12bt-bt7.egg,L00.R0004.A0004.egg,train
bt,L00,/woman1/woman12bt.egg,L00.R0004.egg,/woman1/woman12bt-bt6.egg,L00.R0004.A0008.egg,train
bt,L00,/woman1/woman12bt.egg,L00.R0004.egg,/woman1/woman12bt-bt5.egg,L00.R0004.A0000.egg,train
bt,L00,/woman1/woman12bt.egg,L00.R0004.egg,/woman1/woman12bt-bt9.egg,L00.R0004.A0007.egg,train
bt,L00,/woman1/woman12bt.egg,L00.R0004.egg,/woman1/woman12bt-bt10.egg,L00.R0004.A0006.egg,train
bt,L00,/woman1/woman12bt.egg,L00.R0004.egg,/woman1/woman12bt-bt8.egg,L00.R0004.A0003.egg,train
bt,L00,/man0/man0bt.egg,L00.R0006.egg,/man0/man0bt-bt8.egg,L00.R0006.A0000.egg,train
bt,L00,/man0/man0bt.egg,L00.R0006.egg,/man0/man0bt-bt6.egg,L00.R0006.A0007.egg,train
bt,L00,/man0/man0bt.egg,L00.R0006.egg,/man0/man0bt-bt9.egg,L00.R0006.A0002.egg,train
bt,L00,/man0/man0bt.egg,L00.R0006.egg,/man0/man0bt-bt10.egg,L00.R0006.A0004.egg,train
bt,L00,/man0/man0bt.egg,L00.R0006.egg,/man0/man0bt-bt4.egg,L00.R0006.A0001.egg,train
bt,L00,/man0/man0bt.egg,L00.R0006.egg,/man0/man0bt-bt1.egg,L00.R0006.A0008.egg,train
bt,L00,/man0/man0bt.egg,L00.R0006.egg,/man0/man0bt-bt5.egg,L00.R0006.A0005.egg,train
bt,L00,/man0/man0bt.egg,L00.R0006.egg,/man0/man0bt-bt7.egg,L00.R0006.A0003.egg,train
bt,L00,/man0/man0bt.egg,L00.R0006.egg,/man0/man0bt-bt2.egg,L00.R0006.A0009.egg,train
bt,L00,/man0/man0bt.egg,L00.R0006.egg,/man0/man0bt-bt3.egg,L00.R0006.A0006.egg,train
bt,L00,/woman2/woman2bt.egg,L00.R0000.egg,/woman2/woman2bt-bt.egg,L00.R0000.A0000.egg,train
bt,L00,/man2/man22bt.egg,L00.R0007.egg,/man2/man22bt-bt5.egg,L00.R0007.A0001.egg,train
bt,L00,/man2/man22bt.egg,L00.R0007.egg,/man2/man22bt-bt9.egg,L00.R0007.A0005.egg,train
bt,L00,/man2/man22bt.egg,L00.R0007.egg,/man2/man22bt-bt7.egg,L00.R0007.A0004.egg,train
bt,L00,/man2/man22bt.egg,L00.R0007.egg,/man2/man22bt-bt10.egg,L00.R0007.A0006.egg,train
bt,L00,/man2/man22bt.egg,L00.R0007.egg,/man2/man22bt-bt3.egg,L00.R0007.A0003.egg,train
bt,L00,/man2/man22bt.egg,L00.R0007.egg,/man2/man22bt-bt2.egg,L00.R0007.A0007.egg,train
bt,L00,/man2/man22bt.egg,L00.R0007.egg,/man2/man22bt-bt8.egg,L00.R0007.A0008.egg,train
bt,L00,/man2/man22bt.egg,L00.R0007.egg,/man2/man22bt-bt4.egg,L00.R0007.A0002.egg,train
bt,L00,/man2/man22bt.egg,L00.R0007.egg,/man2/man22bt-bt6.egg,L00.R0007.A0000.egg,train
bt,L00,/woman2/women22bt.egg,L00.R0001.egg,/woman2/women22bt-bt5.egg,L00.R0001.A0006.egg,train
bt,L00,/woman2/women22bt.egg,L00.R0001.egg,/woman2/women22bt-bt9.egg,L00.R0001.A0008.egg,train
bt,L00,/woman2/women22bt.egg,L00.R0001.egg,/woman2/women22bt-bt8.egg,L00.R0001.A0002.egg,train
bt,L00,/woman2/women22bt.egg,L00.R0001.egg,/woman2/women22bt-bt4.egg,L00.R0001.A0001.egg,train
bt,L00,/woman2/women22bt.egg,L00.R0001.egg,/woman2/women22bt-bt10.egg,L00.R0001.A0003.egg,train
bt,L00,/woman2/women22bt.egg,L00.R0001.egg,/woman2/women22bt-bt2.egg,L00.R0001.A0005.egg,train
bt,L00,/woman2/women22bt.egg,L00.R0001.egg,/woman2/women22bt-bt6.egg,L00.R0001.A0004.egg,train
bt,L00,/woman2/women22bt.egg,L00.R0001.egg,/woman2/women22bt-bt3.egg,L00.R0001.A0000.egg,train
bt,L00,/woman2/women22bt.egg,L00.R0001.egg,/woman2/women22bt-bt7.egg,L00.R0001.A0007.egg,train
bt,L00,/man2/man2bt.egg,L00.R0008.egg,/man2/man2bt-bt.egg,L00.R0008.A0000.egg,train
bt,L00,/man1/man12bt.egg,L00.R0002.egg,/man1/man12bt-bt9.egg,L00.R0002.A0004.egg,train
bt,L00,/man1/man12bt.egg,L00.R0002.egg,/man1/man12bt-bt5.egg,L00.R0002.A0001.egg,train
bt,L00,/man1/man12bt.egg,L00.R0002.egg,/man1/man12bt-bt10.egg,L00.R0002.A0006.egg,train
bt,L00,/man1/man12bt.egg,L00.R0002.egg,/man1/man12bt-bt3.egg,L00.R0002.A0003.egg,train
bt,L00,/man1/man12bt.egg,L00.R0002.egg,/man1/man12bt-bt8.egg,L00.R0002.A0008.egg,train
bt,L00,/man1/man12bt.egg,L00.R0002.egg,/man1/man12bt-bt6.egg,L00.R0002.A0000.egg,train
bt,L00,/man1/man12bt.egg,L00.R0002.egg,/man1/man12bt-bt2.egg,L00.R0002.A0007.egg,test
bt,L00,/man1/man12bt.egg,L00.R0002.egg,/man1/man12bt-bt4.egg,L00.R0002.A0002.egg,test
bt,L00,/man1/man12bt.egg,L00.R0002.egg,/man1/man12bt-bt7.egg,L00.R0002.A0005.egg,test
bt,L00,/woman1/woman1bt.egg,L00.R0005.egg,/woman1/woman1bt-bt.egg,L00.R0005.A0000.egg,test
bt,L00,/man1/man1bt.egg,L00.R0003.egg,/man1/man1bt-bt.egg,L00.R0003.A0000.egg,test
mt1,L03,/man1/man12mt1.egg,L03.R0003.egg,/man1/man12mt1-mt14.egg,L03.R0003.A0005.egg,train
mt1,L03,/man1/man12mt1.egg,L03.R0003.egg,/man1/man12mt1-mt18.egg,L03.R0003.A0004.egg,train
mt1,L03,/man1/man12mt1.egg,L03.R0003.egg,/man1/man12mt1-mt15.egg,L03.R0003.A0001.egg,train
mt1,L03,/man1/man12mt1.egg,L03.R0003.egg,/man1/man12mt1-mt13.egg,L03.R0003.A0002.egg,train
mt1,L03,/man1/man12mt1.egg,L03.R0003.egg,/man1/man12mt1-mt19.egg,L03.R0003.A0008.egg,train
mt1,L03,/man1/man12mt1.egg,L03.R0003.egg,/man1/man12mt1-mt17.egg,L03.R0003.A0007.egg,train
mt1,L03,/man1/man12mt1.egg,L03.R0003.egg,/man1/man12mt1-mt110.egg,L03.R0003.A0003.egg,train
mt1,L03,/man1/man12mt1.egg,L03.R0003.egg,/man1/man12mt1-mt16.egg,L03.R0003.A0000.egg,train
mt1,L03,/man1/man12mt1.egg,L03.R0003.egg,/man1/man12mt1-mt12.egg,L03.R0003.A0006.egg,train
mt1,L03,/woman2/women22mt1.egg,L03.R0000.egg,/woman2/women22mt1-mt16.egg,L03.R0000.A0002.egg,train
mt1,L03,/woman2/women22mt1.egg,L03.R0000.egg,/woman2/women22mt1-mt14.egg,L03.R0000.A0001.egg,train
mt1,L03,/woman2/women22mt1.egg,L03.R0000.egg,/woman2/women22mt1-mt12.egg,L03.R0000.A0006.egg,train
mt1,L03,/woman2/women22mt1.egg,L03.R0000.egg,/woman2/women22mt1-mt110.egg,L03.R0000.A0000.egg,train
mt1,L03,/woman2/women22mt1.egg,L03.R0000.egg,/woman2/women22mt1-mt19.egg,L03.R0000.A0003.egg,train
mt1,L03,/woman2/women22mt1.egg,L03.R0000.egg,/woman2/women22mt1-mt13.egg,L03.R0000.A0005.egg,train
mt1,L03,/woman2/women22mt1.egg,L03.R0000.egg,/woman2/women22mt1-mt15.egg,L03.R0000.A0007.egg,train
mt1,L03,/woman2/women22mt1.egg,L03.R0000.egg,/woman2/women22mt1-mt18.egg,L03.R0000.A0008.egg,train
mt1,L03,/woman2/women22mt1.egg,L03.R0000.egg,/woman2/women22mt1-mt17.egg,L03.R0000.A0004.egg,train
mt1,L03,/man1/man1mt1.egg,L03.R0002.egg,/man1/man1mt1-mt1.egg,L03.R0002.A0000.egg,train
mt1,L03,/man2/man2mt1.egg,L03.R0008.egg,/man2/man2mt1-mt1.egg,L03.R0008.A0000.egg,train
mt1,L03,/woman1/woman12mt1.egg,L03.R0004.egg,/woman1/woman12mt1-mt18.egg,L03.R0004.A0001.egg,train
mt1,L03,/woman1/woman12mt1.egg,L03.R0004.egg,/woman1/woman12mt1-mt19.egg,L03.R0004.A0006.egg,train
mt1,L03,/woman1/woman12mt1.egg,L03.R0004.egg,/woman1/woman12mt1-mt14.egg,L03.R0004.A0002.egg,train
mt1,L03,/woman1/woman12mt1.egg,L03.R0004.egg,/woman1/woman12mt1-mt16.egg,L03.R0004.A0008.egg,train
mt1,L03,/woman1/woman12mt1.egg,L03.R0004.egg,/woman1/woman12mt1-mt17.egg,L03.R0004.A0000.egg,train
mt1,L03,/woman1/woman12mt1.egg,L03.R0004.egg,/woman1/woman12mt1-mt12.egg,L03.R0004.A0003.egg,train
mt1,L03,/woman1/woman12mt1.egg,L03.R0004.egg,/woman1/woman12mt1-mt13.egg,L03.R0004.A0005.egg,train
mt1,L03,/woman1/woman12mt1.egg,L03.R0004.egg,/woman1/woman12mt1-mt110.egg,L03.R0004.A0007.egg,train
mt1,L03,/woman1/woman12mt1.egg,L03.R0004.egg,/woman1/woman12mt1-mt15.egg,L03.R0004.A0004.egg,train
mt1,L03,/woman1/woman1mt1.egg,L03.R0005.egg,/woman1/woman1mt1-mt1.egg,L03.R0005.A0000.egg,train
mt1,L03,/man0/man0mt1.egg,L03.R0006.egg,/man0/man0mt1-mt12.egg,L03.R0006.A0009.egg,train
mt1,L03,/man0/man0mt1.egg,L03.R0006.egg,/man0/man0mt1-mt17.egg,L03.R0006.A0000.egg,train
mt1,L03,/man0/man0mt1.egg,L03.R0006.egg,/man0/man0mt1-mt15.egg,L03.R0006.A0007.egg,train
mt1,L03,/man0/man0mt1.egg,L03.R0006.egg,/man0/man0mt1-mt14.egg,L03.R0006.A0006.egg,train
mt1,L03,/man0/man0mt1.egg,L03.R0006.egg,/man0/man0mt1-mt16.egg,L03.R0006.A0001.egg,train
mt1,L03,/man0/man0mt1.egg,L03.R0006.egg,/man0/man0mt1-mt19.egg,L03.R0006.A0004.egg,train
mt1,L03,/man0/man0mt1.egg,L03.R0006.egg,/man0/man0mt1-mt13.egg,L03.R0006.A0003.egg,train
mt1,L03,/man0/man0mt1.egg,L03.R0006.egg,/man0/man0mt1-mt11.egg,L03.R0006.A0008.egg,train
mt1,L03,/man0/man0mt1.egg,L03.R0006.egg,/man0/man0mt1-mt110.egg,L03.R0006.A0005.egg,train
mt1,L03,/man0/man0mt1.egg,L03.R0006.egg,/man0/man0mt1-mt18.egg,L03.R0006.A0002.egg,train
mt1,L03,/woman2/woman2mt1.egg,L03.R0001.egg,/woman2/woman2mt1-mt1.egg,L03.R0001.A0000.egg,train
mt1,L03,/man2/man22mt1.egg,L03.R0007.egg,/man2/man22mt1-mt110.egg,L03.R0007.A0007.egg,train
mt1,L03,/man2/man22mt1.egg,L03.R0007.egg,/man2/man22mt1-mt13.egg,L03.R0007.A0000.egg,train
mt1,L03,/man2/man22mt1.egg,L03.R0007.egg,/man2/man22mt1-mt17.egg,L03.R0007.A0005.egg,train
mt1,L03,/man2/man22mt1.egg,L03.R0007.egg,/man2/man22mt1-mt14.egg,L03.R0007.A0001.egg,train
mt1,L03,/man2/man22mt1.egg,L03.R0007.egg,/man2/man22mt1-mt19.egg,L03.R0007.A0006.egg,test
mt1,L03,/man2/man22mt1.egg,L03.R0007.egg,/man2/man22mt1-mt16.egg,L03.R0007.A0008.egg,test
mt1,L03,/man2/man22mt1.egg,L03.R0007.egg,/man2/man22mt1-mt12.egg,L03.R0007.A0003.egg,test
mt1,L03,/man2/man22mt1.egg,L03.R0007.egg,/man2/man22mt1-mt15.egg,L03.R0007.A0002.egg,test
mt1,L03,/man2/man22mt1.egg,L03.R0007.egg,/man2/man22mt1-mt18.egg,L03.R0007.A0004.egg,test
rb,L07,/man2/man22rb.egg,L07.R0007.egg,/man2/man22rb-rb2.egg,L07.R0007.A0002.egg,train
rb,L07,/man2/man22rb.egg,L07.R0007.egg,/man2/man22rb-rb7.egg,L07.R0007.A0006.egg,train
rb,L07,/man2/man22rb.egg,L07.R0007.egg,/man2/man22rb-rb5.egg,L07.R0007.A0001.egg,train
rb,L07,/man2/man22rb.egg,L07.R0007.egg,/man2/man22rb-rb6.egg,L07.R0007.A0008.egg,train
rb,L07,/man2/man22rb.egg,L07.R0007.egg,/man2/man22rb-rb10.egg,L07.R0007.A0000.egg,train
rb,L07,/man2/man22rb.egg,L07.R0007.egg,/man2/man22rb-rb9.egg,L07.R0007.A0005.egg,train
rb,L07,/man2/man22rb.egg,L07.R0007.egg,/man2/man22rb-rb3.egg,L07.R0007.A0007.egg,train
rb,L07,/man2/man22rb.egg,L07.R0007.egg,/man2/man22rb-rb4.egg,L07.R0007.A0003.egg,train
rb,L07,/man2/man22rb.egg,L07.R0007.egg,/man2/man22rb-rb8.egg,L07.R0007.A0004.egg,train
rb,L07,/man2/man2rb.egg,L07.R0008.egg,/man2/man2rb-rb.egg,L07.R0008.A0000.egg,train
rb,L07,/man0/man0rb.egg,L07.R0006.egg,/man0/man0rb-rb8.egg,L07.R0006.A0006.egg,train
rb,L07,/man0/man0rb.egg,L07.R0006.egg,/man0/man0rb-rb4.egg,L07.R0006.A0009.egg,train
rb,L07,/man0/man0rb.egg,L07.R0006.egg,/man0/man0rb-rb5.egg,L07.R0006.A0003.egg,train
rb,L07,/man0/man0rb.egg,L07.R0006.egg,/man0/man0rb-rb7.egg,L07.R0006.A0008.egg,train
rb,L07,/man0/man0rb.egg,L07.R0006.egg,/man0/man0rb-rb1.egg,L07.R0006.A0007.egg,train
rb,L07,/man0/man0rb.egg,L07.R0006.egg,/man0/man0rb-rb3.egg,L07.R0006.A0000.egg,train
rb,L07,/man0/man0rb.egg,L07.R0006.egg,/man0/man0rb-rb2.egg,L07.R0006.A0001.egg,train
rb,L07,/man0/man0rb.egg,L07.R0006.egg,/man0/man0rb-rb9.egg,L07.R0006.A0002.egg,train
rb,L07,/man0/man0rb.egg,L07.R0006.egg,/man0/man0rb-rb6.egg,L07.R0006.A0004.egg,train
rb,L07,/man0/man0rb.egg,L07.R0006.egg,/man0/man0rb-rb10.egg,L07.R0006.A0005.egg,train
rb,L07,/woman1/woman1rb.egg,L07.R0005.egg,/woman1/woman1rb-rb.egg,L07.R0005.A0000.egg,train
rb,L07,/man1/man12rb.egg,L07.R0002.egg,/man1/man12rb-rb2.egg,L07.R0002.A0005.egg,train
rb,L07,/man1/man12rb.egg,L07.R0002.egg,/man1/man12rb-rb7.egg,L07.R0002.A0006.egg,train
rb,L07,/man1/man12rb.egg,L07.R0002.egg,/man1/man12rb-rb4.egg,L07.R0002.A0002.egg,train
rb,L07,/man1/man12rb.egg,L07.R0002.egg,/man1/man12rb-rb8.egg,L07.R0002.A0003.egg,train
rb,L07,/man1/man12rb.egg,L07.R0002.egg,/man1/man12rb-rb9.egg,L07.R0002.A0004.egg,train
rb,L07,/man1/man12rb.egg,L07.R0002.egg,/man1/man12rb-rb10.egg,L07.R0002.A0000.egg,train
rb,L07,/man1/man12rb.egg,L07.R0002.egg,/man1/man12rb-rb3.egg,L07.R0002.A0008.egg,train
rb,L07,/man1/man12rb.egg,L07.R0002.egg,/man1/man12rb-rb5.egg,L07.R0002.A0007.egg,train
rb,L07,/man1/man12rb.egg,L07.R0002.egg,/man1/man12rb-rb6.egg,L07.R0002.A0001.egg,train
rb,L07,/woman2/woman2rb.egg,L07.R0001.egg,/woman2/woman2rb-rb.egg,L07.R0001.A0000.egg,train
rb,L07,/woman1/woman12rb.egg,L07.R0004.egg,/woman1/woman12rb-rb9.egg,L07.R0004.A0000.egg,train
rb,L07,/woman1/woman12rb.egg,L07.R0004.egg,/woman1/woman12rb-rb8.egg,L07.R0004.A0003.egg,train
rb,L07,/woman1/woman12rb.egg,L07.R0004.egg,/woman1/woman12rb-rb5.egg,L07.R0004.A0002.egg,train
rb,L07,/woman1/woman12rb.egg,L07.R0004.egg,/woman1/woman12rb-rb6.egg,L07.R0004.A0006.egg,train
rb,L07,/woman1/woman12rb.egg,L07.R0004.egg,/woman1/woman12rb-rb10.egg,L07.R0004.A0001.egg,train
rb,L07,/woman1/woman12rb.egg,L07.R0004.egg,/woman1/woman12rb-rb2.egg,L07.R0004.A0008.egg,train
rb,L07,/woman1/woman12rb.egg,L07.R0004.egg,/woman1/woman12rb-rb7.egg,L07.R0004.A0005.egg,train
rb,L07,/woman1/woman12rb.egg,L07.R0004.egg,/woman1/woman12rb-rb3.egg,L07.R0004.A0007.egg,train
rb,L07,/woman1/woman12rb.egg,L07.R0004.egg,/woman1/woman12rb-rb4.egg,L07.R0004.A0004.egg,train
rb,L07,/woman2/women22rb.egg,L07.R0000.egg,/woman2/women22rb-rb8.egg,L07.R0000.A0004.egg,train
rb,L07,/woman2/women22rb.egg,L07.R0000.egg,/woman2/women22rb-rb9.egg,L07.R0000.A0001.egg,train
rb,L07,/woman2/women22rb.egg,L07.R0000.egg,/woman2/women22rb-rb2.egg,L07.R0000.A0000.egg,train
rb,L07,/woman2/women22rb.egg,L07.R0000.egg,/woman2/women22rb-rb5.egg,L07.R0000.A0005.egg,train
rb,L07,/woman2/women22rb.egg,L07.R0000.egg,/woman2/women22rb-rb6.egg,L07.R0000.A0003.egg,train
rb,L07,/woman2/women22rb.egg,L07.R0000.egg,/woman2/women22rb-rb3.egg,L07.R0000.A0008.egg,test
rb,L07,/woman2/women22rb.egg,L07.R0000.egg,/woman2/women22rb-rb4.egg,L07.R0000.A0006.egg,test
rb,L07,/woman2/women22rb.egg,L07.R0000.egg,/woman2/women22rb-rb10.egg,L07.R0000.A0007.egg,test
rb,L07,/woman2/women22rb.egg,L07.R0000.egg,/woman2/women22rb-rb7.egg,L07.R0000.A0002.egg,test
rb,L07,/man1/man1rb.egg,L07.R0003.egg,/man1/man1rb-rb.egg,L07.R0003.A0000.egg,test
em,L01,/man2/man2em.egg,L01.R0008.egg,/man2/man2em-em.egg,L01.R0008.A0000.egg,train
em,L01,/woman2/woman2em.egg,L01.R0000.egg,/woman2/woman2em-em.egg,L01.R0000.A0000.egg,train
em,L01,/man2/man22em.egg,L01.R0007.egg,/man2/man22em-em7.egg,L01.R0007.A0003.egg,train
em,L01,/man2/man22em.egg,L01.R0007.egg,/man2/man22em-em8.egg,L01.R0007.A0005.egg,train
em,L01,/man2/man22em.egg,L01.R0007.egg,/man2/man22em-em9.egg,L01.R0007.A0006.egg,train
em,L01,/man2/man22em.egg,L01.R0007.egg,/man2/man22em-em4.egg,L01.R0007.A0002.egg,train
em,L01,/man2/man22em.egg,L01.R0007.egg,/man2/man22em-em2.egg,L01.R0007.A0007.egg,train
em,L01,/man2/man22em.egg,L01.R0007.egg,/man2/man22em-em6.egg,L01.R0007.A0004.egg,train
em,L01,/man2/man22em.egg,L01.R0007.egg,/man2/man22em-em5.egg,L01.R0007.A0001.egg,train
em,L01,/man2/man22em.egg,L01.R0007.egg,/man2/man22em-em10.egg,L01.R0007.A0000.egg,train
em,L01,/man2/man22em.egg,L01.R0007.egg,/man2/man22em-em3.egg,L01.R0007.A0008.egg,train
em,L01,/woman1/woman12em.egg,L01.R0004.egg,/woman1/woman12em-em6.egg,L01.R0004.A0008.egg,train
em,L01,/woman1/woman12em.egg,L01.R0004.egg,/woman1/woman12em-em8.egg,L01.R0004.A0007.egg,train
em,L01,/woman1/woman12em.egg,L01.R0004.egg,/woman1/woman12em-em4.egg,L01.R0004.A0003.egg,train
em,L01,/woman1/woman12em.egg,L01.R0004.egg,/woman1/woman12em-em7.egg,L01.R0004.A0005.egg,train
em,L01,/woman1/woman12em.egg,L01.R0004.egg,/woman1/woman12em-em5.egg,L01.R0004.A0001.egg,train
em,L01,/woman1/woman12em.egg,L01.R0004.egg,/woman1/woman12em-em3.egg,L01.R0004.A0000.egg,train
em,L01,/woman1/woman12em.egg,L01.R0004.egg,/woman1/woman12em-em9.egg,L01.R0004.A0004.egg,train
em,L01,/woman1/woman12em.egg,L01.R0004.egg,/woman1/woman12em-em2.egg,L01.R0004.A0002.egg,train
em,L01,/woman1/woman12em.egg,L01.R0004.egg,/woman1/woman12em-em10.egg,L01.R0004.A0006.egg,train
em,L01,/man1/man1em2.egg,L01.R0003.egg,/man1/man1em2-em2.egg,L01.R0003.A0000.egg,train
em,L01,/woman2/women22em.egg,L01.R0001.egg,/woman2/women22em-em7.egg,L01.R0001.A0004.egg,train
em,L01,/woman2/women22em.egg,L01.R0001.egg,/woman2/women22em-em6.egg,L01.R0001.A0006.egg,train
em,L01,/woman2/women22em.egg,L01.R0001.egg,/woman2/women22em-em5.egg,L01.R0001.A0000.egg,train
em,L01,/woman2/women22em.egg,L01.R0001.egg,/woman2/women22em-em3.egg,L01.R0001.A0002.egg,train
em,L01,/woman2/women22em.egg,L01.R0001.egg,/woman2/women22em-em4.egg,L01.R0001.A0007.egg,train
em,L01,/woman2/women22em.egg,L01.R0001.egg,/woman2/women22em-em2.egg,L01.R0001.A0003.egg,train
em,L01,/woman2/women22em.egg,L01.R0001.egg,/woman2/women22em-em10.egg,L01.R0001.A0001.egg,train
em,L01,/woman2/women22em.egg,L01.R0001.egg,/woman2/women22em-em8.egg,L01.R0001.A0005.egg,train
em,L01,/woman2/women22em.egg,L01.R0001.egg,/woman2/women22em-em9.egg,L01.R0001.A0008.egg,train
em,L01,/man1/man12em.egg,L01.R0002.egg,/man1/man12em-em7.egg,L01.R0002.A0006.egg,train
em,L01,/man1/man12em.egg,L01.R0002.egg,/man1/man12em-em6.egg,L01.R0002.A0000.egg,train
em,L01,/man1/man12em.egg,L01.R0002.egg,/man1/man12em-em4.egg,L01.R0002.A0004.egg,train
em,L01,/man1/man12em.egg,L01.R0002.egg,/man1/man12em-em3.egg,L01.R0002.A0003.egg,train
em,L01,/man1/man12em.egg,L01.R0002.egg,/man1/man12em-em10.egg,L01.R0002.A0008.egg,train
em,L01,/man1/man12em.egg,L01.R0002.egg,/man1/man12em-em5.egg,L01.R0002.A0001.egg,train
em,L01,/man1/man12em.egg,L01.R0002.egg,/man1/man12em-em9.egg,L01.R0002.A0002.egg,train
em,L01,/man1/man12em.egg,L01.R0002.egg,/man1/man12em-em2.egg,L01.R0002.A0007.egg,train
em,L01,/man1/man12em.egg,L01.R0002.egg,/man1/man12em-em8.egg,L01.R0002.A0005.egg,train
em,L01,/woman1/woman1em.egg,L01.R0005.egg,/woman1/woman1em-em.egg,L01.R0005.A0000.egg,train
em,L01,/man0/man0em.egg,L01.R0006.egg,/man0/man0em-em9.egg,L01.R0006.A0006.egg,train
em,L01,/man0/man0em.egg,L01.R0006.egg,/man0/man0em-em4.egg,L01.R0006.A0002.egg,train
em,L01,/man0/man0em.egg,L01.R0006.egg,/man0/man0em-em1.egg,L01.R0006.A0003.egg,train
em,L01,/man0/man0em.egg,L01.R0006.egg,/man0/man0em-em3.egg,L01.R0006.A0009.egg,train
em,L01,/man0/man0em.egg,L01.R0006.egg,/man0/man0em-em6.egg,L01.R0006.A0001.egg,train
em,L01,/man0/man0em.egg,L01.R0006.egg,/man0/man0em-em5.egg,L01.R0006.A0005.egg,test
em,L01,/man0/man0em.egg,L01.R0006.egg,/man0/man0em-em7.egg,L01.R0006.A0008.egg,test
em,L01,/man0/man0em.egg,L01.R0006.egg,/man0/man0em-em10.egg,L01.R0006.A0007.egg,test
em,L01,/man0/man0em.egg,L01.R0006.egg,/man0/man0em-em8.egg,L01.R0006.A0004.egg,test
em,L01,/man0/man0em.egg,L01.R0006.egg,/man0/man0em-em2.egg,L01.R0006.A0000.egg,test
us,L09,/man1/man12us.egg,L09.R0002.egg,/man1/man12us-us10.egg,L09.R0002.A0003.egg,train
us,L09,/man1/man12us.egg,L09.R0002.egg,/man1/man12us-us7.egg,L09.R0002.A0001.egg,train
us,L09,/man1/man12us.egg,L09.R0002.egg,/man1/man12us-us4.egg,L09.R0002.A0000.egg,train
us,L09,/man1/man12us.egg,L09.R0002.egg,/man1/man12us-us3.egg,L09.R0002.A0007.egg,train
us,L09,/man1/man12us.egg,L09.R0002.egg,/man1/man12us-us9.egg,L09.R0002.A0002.egg,train
us,L09,/man1/man12us.egg,L09.R0002.egg,/man1/man12us-us5.egg,L09.R0002.A0005.egg,train
us,L09,/man1/man12us.egg,L09.R0002.egg,/man1/man12us-us6.egg,L09.R0002.A0006.egg,train
us,L09,/man1/man12us.egg,L09.R0002.egg,/man1/man12us-us2.egg,L09.R0002.A0004.egg,train
us,L09,/man1/man12us.egg,L09.R0002.egg,/man1/man12us-us8.egg,L09.R0002.A0008.egg,train
us,L09,/woman1/woman1us.egg,L09.R0005.egg,/woman1/woman1us-us.egg,L09.R0005.A0000.egg,train
us,L09,/man2/man2us.egg,L09.R0008.egg,/man2/man2us-us.egg,L09.R0008.A0000.egg,train
us,L09,/woman2/woman2us.egg,L09.R0001.egg,/woman2/woman2us-us.egg,L09.R0001.A0000.egg,train
us,L09,/man0/man0us.egg,L09.R0006.egg,/man0/man0us-us10.egg,L09.R0006.A0006.egg,train
us,L09,/man0/man0us.egg,L09.R0006.egg,/man0/man0us-us5.egg,L09.R0006.A0007.egg,train
us,L09,/man0/man0us.egg,L09.R0006.egg,/man0/man0us-us8.egg,L09.R0006.A0002.egg,train
us,L09,/man0/man0us.egg,L09.R0006.egg,/man0/man0us-us4.egg,L09.R0006.A0009.egg,train
us,L09,/man0/man0us.egg,L09.R0006.egg,/man0/man0us-us7.egg,L09.R0006.A0004.egg,train
us,L09,/man0/man0us.egg,L09.R0006.egg,/man0/man0us-us1.egg,L09.R0006.A0005.egg,train
us,L09,/man0/man0us.egg,L09.R0006.egg,/man0/man0us-us3.egg,L09.R0006.A0000.egg,train
us,L09,/man0/man0us.egg,L09.R0006.egg,/man0/man0us-us6.egg,L09.R0006.A0008.egg,train
us,L09,/man0/man0us.egg,L09.R0006.egg,/man0/man0us-us2.egg,L09.R0006.A0001.egg,train
us,L09,/man0/man0us.egg,L09.R0006.egg,/man0/man0us-us9.egg,L09.R0006.A0003.egg,train
us,L09,/man2/man22us.egg,L09.R0007.egg,/man2/man22us-us2.egg,L09.R0007.A0006.egg,train
us,L09,/man2/man22us.egg,L09.R0007.egg,/man2/man22us-us10.egg,L09.R0007.A0008.egg,train
us,L09,/man2/man22us.egg,L09.R0007.egg,/man2/man22us-us3.egg,L09.R0007.A0005.egg,train
us,L09,/man2/man22us.egg,L09.R0007.egg,/man2/man22us-us6.egg,L09.R0007.A0007.egg,train
us,L09,/man2/man22us.egg,L09.R0007.egg,/man2/man22us-us4.egg,L09.R0007.A0000.egg,train
us,L09,/man2/man22us.egg,L09.R0007.egg,/man2/man22us-us5.egg,L09.R0007.A0002.egg,train
us,L09,/man2/man22us.egg,L09.R0007.egg,/man2/man22us-us8.egg,L09.R0007.A0003.egg,train
us,L09,/man2/man22us.egg,L09.R0007.egg,/man2/man22us-us9.egg,L09.R0007.A0001.egg,train
us,L09,/man2/man22us.egg,L09.R0007.egg,/man2/man22us-us7.egg,L09.R0007.A0004.egg,train
us,L09,/woman1/woman12us.egg,L09.R0004.egg,/woman1/woman12us-us10.egg,L09.R0004.A0005.egg,train
us,L09,/woman1/woman12us.egg,L09.R0004.egg,/woman1/woman12us-us6.egg,L09.R0004.A0003.egg,train
us,L09,/woman1/woman12us.egg,L09.R0004.egg,/woman1/woman12us-us3.egg,L09.R0004.A0000.egg,train
us,L09,/woman1/woman12us.egg,L09.R0004.egg,/woman1/woman12us-us8.egg,L09.R0004.A0008.egg,train
us,L09,/woman1/woman12us.egg,L09.R0004.egg,/woman1/woman12us-us5.egg,L09.R0004.A0007.egg,train
us,L09,/woman1/woman12us.egg,L09.R0004.egg,/woman1/woman12us-us2.egg,L09.R0004.A0001.egg,train
us,L09,/woman1/woman12us.egg,L09.R0004.egg,/woman1/woman12us-us7.egg,L09.R0004.A0006.egg,train
us,L09,/woman1/woman12us.egg,L09.R0004.egg,/woman1/woman12us-us4.egg,L09.R0004.A0004.egg,train
us,L09,/woman1/woman12us.egg,L09.R0004.egg,/woman1/woman12us-us9.egg,L09.R0004.A0002.egg,train
us,L09,/man1/man1us.egg,L09.R0003.egg,/man1/man1us-us.egg,L09.R0003.A0000.egg,train
us,L09,/woman2/women22us.egg,L09.R0000.egg,/woman2/women22us-us8.egg,L09.R0000.A0007.egg,train
us,L09,/woman2/women22us.egg,L09.R0000.egg,/woman2/women22us-us9.egg,L09.R0000.A0008.egg,train
us,L09,/woman2/women22us.egg,L09.R0000.egg,/woman2/women22us-us5.egg,L09.R0000.A0000.egg,train
us,L09,/woman2/women22us.egg,L09.R0000.egg,/woman2/women22us-us3.egg,L09.R0000.A0001.egg,train
us,L09,/woman2/women22us.egg,L09.R0000.egg,/woman2/women22us-us6.egg,L09.R0000.A0005.egg,test
us,L09,/woman2/women22us.egg,L09.R0000.egg,/woman2/women22us-us4.egg,L09.R0000.A0003.egg,test
us,L09,/woman2/women22us.egg,L09.R0000.egg,/woman2/women22us-us10.egg,L09.R0000.A0006.egg,test
us,L09,/woman2/women22us.egg,L09.R0000.egg,/woman2/women22us-us2.egg,L09.R0000.A0002.egg,test
us,L09,/woman2/women22us.egg,L09.R0000.egg,/woman2/women22us-us7.egg,L09.R0000.A0004.egg,test
wf,L11,/woman2/woman2.egg,L11.R0001.egg,/woman2/woman2-wf.egg,L11.R0001.A0000.egg,train
wf,L11,/woman1/woman1.egg,L11.R0005.egg,/woman1/woman1-wf.egg,L11.R0005.A0000.egg,train
wf,L11,/man1/man1.egg,L11.R0002.egg,/man1/man1-wf.egg,L11.R0002.A0000.egg,train
wf,L11,/man2/man22.egg,L11.R0007.egg,/man2/man22-wf6.egg,L11.R0007.A0003.egg,train
wf,L11,/man2/man22.egg,L11.R0007.egg,/man2/man22-wf9.egg,L11.R0007.A0004.egg,train
wf,L11,/man2/man22.egg,L11.R0007.egg,/man2/man22-wf2.egg,L11.R0007.A0007.egg,train
wf,L11,/man2/man22.egg,L11.R0007.egg,/man2/man22-wf4.egg,L11.R0007.A0000.egg,train
wf,L11,/man2/man22.egg,L11.R0007.egg,/man2/man22-wf5.egg,L11.R0007.A0006.egg,train
wf,L11,/man2/man22.egg,L11.R0007.egg,/man2/man22-wf3.egg,L11.R0007.A0002.egg,train
wf,L11,/man2/man22.egg,L11.R0007.egg,/man2/man22-wf7.egg,L11.R0007.A0001.egg,train
wf,L11,/man2/man22.egg,L11.R0007.egg,/man2/man22-wf8.egg,L11.R0007.A0005.egg,train
wf,L11,/man2/man22.egg,L11.R0007.egg,/man2/man22-wf10.egg,L11.R0007.A0008.egg,train
wf,L11,/man2/man2.egg,L11.R0008.egg,/man2/man2-wf.egg,L11.R0008.A0000.egg,train
wf,L11,/man1/man12.egg,L11.R0003.egg,/man1/man12-wf8.egg,L11.R0003.A0003.egg,train
wf,L11,/man1/man12.egg,L11.R0003.egg,/man1/man12-wf5.egg,L11.R0003.A0000.egg,train
wf,L11,/man1/man12.egg,L11.R0003.egg,/man1/man12-wf10.egg,L11.R0003.A0001.egg,train
wf,L11,/man1/man12.egg,L11.R0003.egg,/man1/man12-wf9.egg,L11.R0003.A0007.egg,train
wf,L11,/man1/man12.egg,L11.R0003.egg,/man1/man12-wf6.egg,L11.R0003.A0005.egg,train
wf,L11,/man1/man12.egg,L11.R0003.egg,/man1/man12-wf4.egg,L11.R0003.A0006.egg,train
wf,L11,/man1/man12.egg,L11.R0003.egg,/man1/man12-wf3.egg,L11.R0003.A0004.egg,train
wf,L11,/man1/man12.egg,L11.R0003.egg,/man1/man12-wf2.egg,L11.R0003.A0008.egg,train
wf,L11,/man1/man12.egg,L11.R0003.egg,/man1/man12-wf7.egg,L11.R0003.A0002.egg,train
wf,L11,/man0/man0.egg,L11.R0006.egg,/man0/man0-wf2.egg,L11.R0006.A0006.egg,train
wf,L11,/man0/man0.egg,L11.R0006.egg,/man0/man0-wf6.egg,L11.R0006.A0009.egg,train
wf,L11,/man0/man0.egg,L11.R0006.egg,/man0/man0-wf8.egg,L11.R0006.A0007.egg,train
wf,L11,/man0/man0.egg,L11.R0006.egg,/man0/man0-wf4.egg,L11.R0006.A0004.egg,train
wf,L11,/man0/man0.egg,L11.R0006.egg,/man0/man0-wf7.egg,L11.R0006.A0003.egg,train
wf,L11,/man0/man0.egg,L11.R0006.egg,/man0/man0-wf5.egg,L11.R0006.A0002.egg,train
wf,L11,/man0/man0.egg,L11.R0006.egg,/man0/man0-wf.egg,L11.R0006.A0008.egg,train
wf,L11,/man0/man0.egg,L11.R0006.egg,/man0/man0-wf9.egg,L11.R0006.A0005.egg,train
wf,L11,/man0/man0.egg,L11.R0006.egg,/man0/man0-wf10.egg,L11.R0006.A0000.egg,train
wf,L11,/man0/man0.egg,L11.R0006.egg,/man0/man0-wf3.egg,L11.R0006.A0001.egg,train
wf,L11,/woman2/women22.egg,L11.R0000.egg,/woman2/women22-wf7.egg,L11.R0000.A0007.egg,train
wf,L11,/woman2/women22.egg,L11.R0000.egg,/woman2/women22-wf4.egg,L11.R0000.A0000.egg,train
wf,L11,/woman2/women22.egg,L11.R0000.egg,/woman2/women22-wf10.egg,L11.R0000.A0005.egg,train
wf,L11,/woman2/women22.egg,L11.R0000.egg,/woman2/women22-wf8.egg,L11.R0000.A0003.egg,train
wf,L11,/woman2/women22.egg,L11.R0000.egg,/woman2/women22-wf9.egg,L11.R0000.A0008.egg,train
wf,L11,/woman2/women22.egg,L11.R0000.egg,/woman2/women22-wf6.egg,L11.R0000.A0001.egg,train
wf,L11,/woman2/women22.egg,L11.R0000.egg,/woman2/women22-wf5.egg,L11.R0000.A0002.egg,train
wf,L11,/woman2/women22.egg,L11.R0000.egg,/woman2/women22-wf2.egg,L11.R0000.A0004.egg,train
wf,L11,/woman2/women22.egg,L11.R0000.egg,/woman2/women22-wf3.egg,L11.R0000.A0006.egg,train
wf,L11,/woman1/woman12.egg,L11.R0004.egg,/woman1/woman12-wf8.egg,L11.R0004.A0000.egg,train
wf,L11,/woman1/woman12.egg,L11.R0004.egg,/woman1/woman12-wf2.egg,L11.R0004.A0002.egg,train
wf,L11,/woman1/woman12.egg,L11.R0004.egg,/woman1/woman12-wf5.egg,L11.R0004.A0008.egg,train
wf,L11,/woman1/woman12.egg,L11.R0004.egg,/woman1/woman12-wf10.egg,L11.R0004.A0001.egg,train
wf,L11,/woman1/woman12.egg,L11.R0004.egg,/woman1/woman12-wf3.egg,L11.R0004.A0005.egg,test
wf,L11,/woman1/woman12.egg,L11.R0004.egg,/woman1/woman12-wf4.egg,L11.R0004.A0006.egg,test
wf,L11,/woman1/woman12.egg,L11.R0004.egg,/woman1/woman12-wf7.egg,L11.R0004.A0003.egg,test
wf,L11,/woman1/woman12.egg,L11.R0004.egg,/woman1/woman12-wf6.egg,L11.R0004.A0004.egg,test
wf,L11,/woman1/woman12.egg,L11.R0004.egg,/woman1/woman12-wf9.egg,L11.R0004.A0007.egg,test
ts2,L08,/woman1/woman1ts2.egg,L08.R0004.egg,/woman1/woman1ts2-ts2.egg,L08.R0004.A0000.egg,train
ts2,L08,/man2/man2ts2.egg,L08.R0008.egg,/man2/man2ts2-ts2.egg,L08.R0008.A0000.egg,train
ts2,L08,/woman2/women22ts2.egg,L08.R0000.egg,/woman2/women22ts2-ts26.egg,L08.R0000.A0000.egg,train
ts2,L08,/woman2/women22ts2.egg,L08.R0000.egg,/woman2/women22ts2-ts27.egg,L08.R0000.A0002.egg,train
ts2,L08,/woman2/women22ts2.egg,L08.R0000.egg,/woman2/women22ts2-ts210.egg,L08.R0000.A0004.egg,train
ts2,L08,/woman2/women22ts2.egg,L08.R0000.egg,/woman2/women22ts2-ts29.egg,L08.R0000.A0003.egg,train
ts2,L08,/woman2/women22ts2.egg,L08.R0000.egg,/woman2/women22ts2-ts28.egg,L08.R0000.A0001.egg,train
ts2,L08,/man1/man12ts2.egg,L08.R0002.egg,/man1/man12ts2-ts29.egg,L08.R0002.A0004.egg,train
ts2,L08,/man1/man12ts2.egg,L08.R0002.egg,/man1/man12ts2-ts210.egg,L08.R0002.A0000.egg,train
ts2,L08,/man1/man12ts2.egg,L08.R0002.egg,/man1/man12ts2-ts26.egg,L08.R0002.A0001.egg,train
ts2,L08,/man1/man12ts2.egg,L08.R0002.egg,/man1/man12ts2-ts27.egg,L08.R0002.A0002.egg,train
ts2,L08,/man1/man12ts2.egg,L08.R0002.egg,/man1/man12ts2-ts28.egg,L08.R0002.A0003.egg,train
ts2,L08,/woman1/woman12ts2.egg,L08.R0005.egg,/woman1/woman12ts2-ts210.egg,L08.R0005.A0001.egg,train
ts2,L08,/woman1/woman12ts2.egg,L08.R0005.egg,/woman1/woman12ts2-ts28.egg,L08.R0005.A0000.egg,train
ts2,L08,/woman1/woman12ts2.egg,L08.R0005.egg,/woman1/woman12ts2-ts27.egg,L08.R0005.A0003.egg,train
ts2,L08,/woman1/woman12ts2.egg,L08.R0005.egg,/woman1/woman12ts2-ts29.egg,L08.R0005.A0002.egg,train
ts2,L08,/man1/man1ts2.egg,L08.R0003.egg,/man1/man1ts2-ts2.egg,L08.R0003.A0000.egg,train
ts2,L08,/woman2/woman2ts2.egg,L08.R0001.egg,/woman2/woman2ts2-ts2.egg,L08.R0001.A0000.egg,train
ts2,L08,/man0/man0ts2.egg,L08.R0006.egg,/man0/man0ts2-ts27.egg,L08.R0006.A0000.egg,train
ts2,L08,/man0/man0ts2.egg,L08.R0006.egg,/man0/man0ts2-ts210.egg,L08.R0006.A0002.egg,train
ts2,L08,/man0/man0ts2.egg,L08.R0006.egg,/man0/man0ts2-ts28.egg,L08.R0006.A0003.egg,train
ts2,L08,/man0/man0ts2.egg,L08.R0006.egg,/man0/man0ts2-ts29.egg,L08.R0006.A0001.egg,train
ts2,L08,/man2/man22ts2.egg,L08.R0007.egg,/man2/man22ts2-ts28.egg,L08.R0007.A0004.egg,train
ts2,L08,/man2/man22ts2.egg,L08.R0007.egg,/man2/man22ts2-ts26.egg,L08.R0007.A0002.egg,train
ts2,L08,/man2/man22ts2.egg,L08.R0007.egg,/man2/man22ts2-ts210.egg,L08.R0007.A0001.egg,train
ts2,L08,/man2/man22ts2.egg,L08.R0007.egg,/man2/man22ts2-ts27.egg,L08.R0007.A0003.egg,train
ts2,L08,/man2/man22ts2.egg,L08.R0007.egg,/man2/man22ts2-ts29.egg,L08.R0007.A0000.egg,train
pm1,L05,/man1/man12pm1.egg,L05.R0002.egg,/man1/man12pm1-pm14.egg,L05.R0002.A0000.egg,train
pm1,L05,/man1/man12pm1.egg,L05.R0002.egg,/man1/man12pm1-pm12.egg,L05.R0002.A0005.egg,train
pm1,L05,/man1/man12pm1.egg,L05.R0002.egg,/man1/man12pm1-pm13.egg,L05.R0002.A0002.egg,train
pm1,L05,/man1/man12pm1.egg,L05.R0002.egg,/man1/man12pm1-pm18.egg,L05.R0002.A0003.egg,train
pm1,L05,/man1/man12pm1.egg,L05.R0002.egg,/man1/man12pm1-pm15.egg,L05.R0002.A0004.egg,train
pm1,L05,/man1/man12pm1.egg,L05.R0002.egg,/man1/man12pm1-pm17.egg,L05.R0002.A0001.egg,train
pm1,L05,/man1/man12pm1.egg,L05.R0002.egg,/man1/man12pm1-pm16.egg,L05.R0002.A0006.egg,train
pm1,L05,/woman2/woman2pm1.egg,L05.R0001.egg,/woman2/woman2pm1-pm1.egg,L05.R0001.A0000.egg,train
pm1,L05,/woman1/woman12pm1.egg,L05.R0005.egg,/woman1/woman12pm1-pm16.egg,L05.R0005.A0002.egg,train
pm1,L05,/woman1/woman12pm1.egg,L05.R0005.egg,/woman1/woman12pm1-pm15.egg,L05.R0005.A0000.egg,train
pm1,L05,/woman1/woman12pm1.egg,L05.R0005.egg,/woman1/woman12pm1-pm19.egg,L05.R0005.A0004.egg,train
pm1,L05,/woman1/woman12pm1.egg,L05.R0005.egg,/woman1/woman12pm1-pm14.egg,L05.R0005.A0006.egg,train
pm1,L05,/woman1/woman12pm1.egg,L05.R0005.egg,/woman1/woman12pm1-pm18.egg,L05.R0005.A0001.egg,train
pm1,L05,/woman1/woman12pm1.egg,L05.R0005.egg,/woman1/woman12pm1-pm12.egg,L05.R0005.A0007.egg,train
pm1,L05,/woman1/woman12pm1.egg,L05.R0005.egg,/woman1/woman12pm1-pm17.egg,L05.R0005.A0008.egg,train
pm1,L05,/woman1/woman12pm1.egg,L05.R0005.egg,/woman1/woman12pm1-pm13.egg,L05.R0005.A0003.egg,train
pm1,L05,/woman1/woman12pm1.egg,L05.R0005.egg,/woman1/woman12pm1-pm110.egg,L05.R0005.A0005.egg,train
pm1,L05,/woman1/woman1pm1.egg,L05.R0006.egg,/woman1/woman1pm1-pm1.egg,L05.R0006.A0000.egg,train
pm1,L05,/man2/man22pm1.egg,L05.R0008.egg,/man2/man22pm1-pm18.egg,L05.R0008.A0000.egg,train
pm1,L05,/man2/man22pm1.egg,L05.R0008.egg,/man2/man22pm1-pm19.egg,L05.R0008.A0004.egg,train
pm1,L05,/man2/man22pm1.egg,L05.R0008.egg,/man2/man22pm1-pm12.egg,L05.R0008.A0001.egg,train
pm1,L05,/man2/man22pm1.egg,L05.R0008.egg,/man2/man22pm1-pm17.egg,L05.R0008.A0006.egg,train
pm1,L05,/man2/man22pm1.egg,L05.R0008.egg,/man2/man22pm1-pm16.egg,L05.R0008.A0007.egg,train
pm1,L05,/man2/man22pm1.egg,L05.R0008.egg,/man2/man22pm1-pm14.egg,L05.R0008.A0002.egg,train
pm1,L05,/man2/man22pm1.egg,L05.R0008.egg,/man2/man22pm1-pm13.egg,L05.R0008.A0005.egg,train
pm1,L05,/man2/man22pm1.egg,L05.R0008.egg,/man2/man22pm1-pm15.egg,L05.R0008.A0003.egg,train
pm1,L05,/man0/man0pm1.egg,L05.R0007.egg,/man0/man0pm1-pm17.egg,L05.R0007.A0005.egg,train
pm1,L05,/man0/man0pm1.egg,L05.R0007.egg,/man0/man0pm1-pm110.egg,L05.R0007.A0007.egg,train
pm1,L05,/man0/man0pm1.egg,L05.R0007.egg,/man0/man0pm1-pm13.egg,L05.R0007.A0000.egg,train
pm1,L05,/man0/man0pm1.egg,L05.R0007.egg,/man0/man0pm1-pm16.egg,L05.R0007.A0009.egg,train
pm1,L05,/man0/man0pm1.egg,L05.R0007.egg,/man0/man0pm1-pm12.egg,L05.R0007.A0003.egg,train
pm1,L05,/man0/man0pm1.egg,L05.R0007.egg,/man0/man0pm1-pm15.egg,L05.R0007.A0002.egg,train
pm1,L05,/man0/man0pm1.egg,L05.R0007.egg,/man0/man0pm1-pm19.egg,L05.R0007.A0008.egg,train
pm1,L05,/man0/man0pm1.egg,L05.R0007.egg,/man0/man0pm1-pm11.egg,L05.R0007.A0004.egg,train
pm1,L05,/man0/man0pm1.egg,L05.R0007.egg,/man0/man0pm1-pm18.egg,L05.R0007.A0006.egg,train
pm1,L05,/man0/man0pm1.egg,L05.R0007.egg,/man0/man0pm1-pm14.egg,L05.R0007.A0001.egg,train
pm1,L05,/man1/man1pm1.egg,L05.R0004.egg,/man1/man1pm1-pm1.egg,L05.R0004.A0000.egg,train
pm1,L05,/man2/man2pm1.egg,L05.R0009.egg,/man2/man2pm1-pm1.egg,L05.R0009.A0000.egg,train
pm1,L05,/man1/man13pm1.egg,L05.R0003.egg,/man1/man13pm1-pm110.egg,L05.R0003.A0001.egg,train
pm1,L05,/man1/man13pm1.egg,L05.R0003.egg,/man1/man13pm1-pm19.egg,L05.R0003.A0000.egg,train
pm1,L05,/woman2/women22pm1.egg,L05.R0000.egg,/woman2/women22pm1-pm14.egg,L05.R0000.A0007.egg,train
pm1,L05,/woman2/women22pm1.egg,L05.R0000.egg,/woman2/women22pm1-pm17.egg,L05.R0000.A0005.egg,train
pm1,L05,/woman2/women22pm1.egg,L05.R0000.egg,/woman2/women22pm1-pm16.egg,L05.R0000.A0000.egg,train
pm1,L05,/woman2/women22pm1.egg,L05.R0000.egg,/woman2/women22pm1-pm19.egg,L05.R0000.A0001.egg,train
pm1,L05,/woman2/women22pm1.egg,L05.R0000.egg,/woman2/women22pm1-pm18.egg,L05.R0000.A0008.egg,train
pm1,L05,/woman2/women22pm1.egg,L05.R0000.egg,/woman2/women22pm1-pm110.egg,L05.R0000.A0002.egg,test
pm1,L05,/woman2/women22pm1.egg,L05.R0000.egg,/woman2/women22pm1-pm15.egg,L05.R0000.A0004.egg,test
pm1,L05,/woman2/women22pm1.egg,L05.R0000.egg,/woman2/women22pm1-pm13.egg,L05.R0000.A0006.egg,test
pm1,L05,/woman2/women22pm1.egg,L05.R0000.egg,/woman2/women22pm1-pm12.egg,L05.R0000.A0003.egg,test
mt2,L04,/man0/man0mt2.egg,L04.R0006.egg,/man0/man0mt2-mt24.egg,L04.R0006.A0002.egg,train
mt2,L04,/man0/man0mt2.egg,L04.R0006.egg,/man0/man0mt2-mt28.egg,L04.R0006.A0009.egg,train
mt2,L04,/man0/man0mt2.egg,L04.R0006.egg,/man0/man0mt2-mt27.egg,L04.R0006.A0008.egg,train
mt2,L04,/man0/man0mt2.egg,L04.R0006.egg,/man0/man0mt2-mt26.egg,L04.R0006.A0001.egg,train
mt2,L04,/man0/man0mt2.egg,L04.R0006.egg,/man0/man0mt2-mt21.egg,L04.R0006.A0000.egg,train
mt2,L04,/man0/man0mt2.egg,L04.R0006.egg,/man0/man0mt2-mt22.egg,L04.R0006.A0007.egg,train
mt2,L04,/man0/man0mt2.egg,L04.R0006.egg,/man0/man0mt2-mt210.egg,L04.R0006.A0006.egg,train
mt2,L04,/man0/man0mt2.egg,L04.R0006.egg,/man0/man0mt2-mt25.egg,L04.R0006.A0005.egg,train
mt2,L04,/man0/man0mt2.egg,L04.R0006.egg,/man0/man0mt2-mt29.egg,L04.R0006.A0004.egg,train
mt2,L04,/man0/man0mt2.egg,L04.R0006.egg,/man0/man0mt2-mt23.egg,L04.R0006.A0003.egg,train
mt2,L04,/man2/man2mt2.egg,L04.R0008.egg,/man2/man2mt2-mt2.egg,L04.R0008.A0000.egg,train
mt2,L04,/woman1/woman12mt2.egg,L04.R0004.egg,/woman1/woman12mt2-mt26.egg,L04.R0004.A0003.egg,train
mt2,L04,/woman1/woman12mt2.egg,L04.R0004.egg,/woman1/woman12mt2-mt210.egg,L04.R0004.A0001.egg,train
mt2,L04,/woman1/woman12mt2.egg,L04.R0004.egg,/woman1/woman12mt2-mt25.egg,L04.R0004.A0000.egg,train
mt2,L04,/woman1/woman12mt2.egg,L04.R0004.egg,/woman1/woman12mt2-mt29.egg,L04.R0004.A0004.egg,train
mt2,L04,/woman1/woman12mt2.egg,L04.R0004.egg,/woman1/woman12mt2-mt24.egg,L04.R0004.A0006.egg,train
mt2,L04,/woman1/woman12mt2.egg,L04.R0004.egg,/woman1/woman12mt2-mt23.egg,L04.R0004.A0008.egg,train
mt2,L04,/woman1/woman12mt2.egg,L04.R0004.egg,/woman1/woman12mt2-mt27.egg,L04.R0004.A0005.egg,train
mt2,L04,/woman1/woman12mt2.egg,L04.R0004.egg,/woman1/woman12mt2-mt22.egg,L04.R0004.A0007.egg,train
mt2,L04,/woman1/woman12mt2.egg,L04.R0004.egg,/woman1/woman12mt2-mt28.egg,L04.R0004.A0002.egg,train
mt2,L04,/woman2/women22mt2.egg,L04.R0000.egg,/woman2/women22mt2-mt25.egg,L04.R0000.A0005.egg,train
mt2,L04,/woman2/women22mt2.egg,L04.R0000.egg,/woman2/women22mt2-mt26.egg,L04.R0000.A0006.egg,train
mt2,L04,/woman2/women22mt2.egg,L04.R0000.egg,/woman2/women22mt2-mt22.egg,L04.R0000.A0008.egg,train
mt2,L04,/woman2/women22mt2.egg,L04.R0000.egg,/woman2/women22mt2-mt210.egg,L04.R0000.A0003.egg,train
mt2,L04,/woman2/women22mt2.egg,L04.R0000.egg,/woman2/women22mt2-mt24.egg,L04.R0000.A0001.egg,train
mt2,L04,/woman2/women22mt2.egg,L04.R0000.egg,/woman2/women22mt2-mt29.egg,L04.R0000.A0004.egg,train
mt2,L04,/woman2/women22mt2.egg,L04.R0000.egg,/woman2/women22mt2-mt28.egg,L04.R0000.A0002.egg,train
mt2,L04,/woman2/women22mt2.egg,L04.R0000.egg,/woman2/women22mt2-mt27.egg,L04.R0000.A0007.egg,train
mt2,L04,/woman2/women22mt2.egg,L04.R0000.egg,/woman2/women22mt2-mt23.egg,L04.R0000.A0000.egg,train
mt2,L04,/man1/man12mt2.egg,L04.R0002.egg,/man1/man12mt2-mt25.egg,L04.R0002.A0003.egg,train
mt2,L04,/man1/man12mt2.egg,L04.R0002.egg,/man1/man12mt2-mt26.egg,L04.R0002.A0007.egg,train
mt2,L04,/man1/man12mt2.egg,L04.R0002.egg,/man1/man12mt2-mt23.egg,L04.R0002.A0005.egg,train
mt2,L04,/man1/man12mt2.egg,L04.R0002.egg,/man1/man12mt2-mt24.egg,L04.R0002.A0006.egg,train
mt2,L04,/man1/man12mt2.egg,L04.R0002.egg,/man1/man12mt2-mt27.egg,L04.R0002.A0002.egg,train
mt2,L04,/man1/man12mt2.egg,L04.R0002.egg,/man1/man12mt2-mt28.egg,L04.R0002.A0000.egg,train
mt2,L04,/man1/man12mt2.egg,L04.R0002.egg,/man1/man12mt2-mt29.egg,L04.R0002.A0004.egg,train
mt2,L04,/man1/man12mt2.egg,L04.R0002.egg,/man1/man12mt2-mt210.egg,L04.R0002.A0008.egg,train
mt2,L04,/man1/man12mt2.egg,L04.R0002.egg,/man1/man12mt2-mt22.egg,L04.R0002.A0001.egg,train
mt2,L04,/woman1/woman1mt2.egg,L04.R0005.egg,/woman1/woman1mt2-mt2.egg,L04.R0005.A0000.egg,train
mt2,L04,/woman2/woman2mt2.egg,L04.R0001.egg,/woman2/woman2mt2-mt2.egg,L04.R0001.A0000.egg,train
mt2,L04,/man1/man1mt2.egg,L04.R0003.egg,/man1/man1mt2-mt2.egg,L04.R0003.A0000.egg,train
mt2,L04,/man2/man22mt2.egg,L04.R0007.egg,/man2/man22mt2-mt26.egg,L04.R0007.A0004.egg,train
mt2,L04,/man2/man22mt2.egg,L04.R0007.egg,/man2/man22mt2-mt28.egg,L04.R0007.A0006.egg,train
mt2,L04,/man2/man22mt2.egg,L04.R0007.egg,/man2/man22mt2-mt24.egg,L04.R0007.A0003.egg,train
mt2,L04,/man2/man22mt2.egg,L04.R0007.egg,/man2/man22mt2-mt22.egg,L04.R0007.A0001.egg,train
mt2,L04,/man2/man22mt2.egg,L04.R0007.egg,/man2/man22mt2-mt27.egg,L04.R0007.A0007.egg,test
mt2,L04,/man2/man22mt2.egg,L04.R0007.egg,/man2/man22mt2-mt29.egg,L04.R0007.A0008.egg,test
mt2,L04,/man2/man22mt2.egg,L04.R0007.egg,/man2/man22mt2-mt23.egg,L04.R0007.A0000.egg,test
mt2,L04,/man2/man22mt2.egg,L04.R0007.egg,/man2/man22mt2-mt210.egg,L04.R0007.A0005.egg,test
mt2,L04,/man2/man22mt2.egg,L04.R0007.egg,/man2/man22mt2-mt25.egg,L04.R0007.A0002.egg,test
wd,L10,/man1/man13wd.egg,L10.R0003.egg,/man1/man13wd-wd10.egg,L10.R0003.A0001.egg,train
wd,L10,/man1/man13wd.egg,L10.R0003.egg,/man1/man13wd-wd9.egg,L10.R0003.A0000.egg,train
wd,L10,/woman1/woman1wd.egg,L10.R0006.egg,/woman1/woman1wd-wd.egg,L10.R0006.A0000.egg,train
wd,L10,/woman2/women22wd.egg,L10.R0000.egg,/woman2/women22wd-wd10.egg,L10.R0000.A0001.egg,train
wd,L10,/woman2/women22wd.egg,L10.R0000.egg,/woman2/women22wd-wd9.egg,L10.R0000.A0000.egg,train
wd,L10,/woman2/women22wd.egg,L10.R0000.egg,/woman2/women22wd-wd4.egg,L10.R0000.A0002.egg,train
wd,L10,/woman2/women22wd.egg,L10.R0000.egg,/woman2/women22wd-wd6.egg,L10.R0000.A0003.egg,train
wd,L10,/woman2/women22wd.egg,L10.R0000.egg,/woman2/women22wd-wd3.egg,L10.R0000.A0008.egg,train
wd,L10,/woman2/women22wd.egg,L10.R0000.egg,/woman2/women22wd-wd8.egg,L10.R0000.A0007.egg,train
wd,L10,/woman2/women22wd.egg,L10.R0000.egg,/woman2/women22wd-wd7.egg,L10.R0000.A0005.egg,train
wd,L10,/woman2/women22wd.egg,L10.R0000.egg,/woman2/women22wd-wd5.egg,L10.R0000.A0004.egg,train
wd,L10,/woman2/women22wd.egg,L10.R0000.egg,/woman2/women22wd-wd2.egg,L10.R0000.A0006.egg,train
wd,L10,/man1/man1wd.egg,L10.R0004.egg,/man1/man1wd-wd.egg,L10.R0004.A0000.egg,train
wd,L10,/man2/man2wd.egg,L10.R0009.egg,/man2/man2wd-wd.egg,L10.R0009.A0000.egg,train
wd,L10,/woman2/woman2wd.egg,L10.R0001.egg,/woman2/woman2wd-wd.egg,L10.R0001.A0000.egg,train
wd,L10,/man0/man0wd.egg,L10.R0007.egg,/man0/man0wd-wd8.egg,L10.R0007.A0006.egg,train
wd,L10,/man0/man0wd.egg,L10.R0007.egg,/man0/man0wd-wd10.egg,L10.R0007.A0002.egg,train
wd,L10,/man0/man0wd.egg,L10.R0007.egg,/man0/man0wd-wd9.egg,L10.R0007.A0007.egg,train
wd,L10,/man0/man0wd.egg,L10.R0007.egg,/man0/man0wd-wd5.egg,L10.R0007.A0004.egg,train
wd,L10,/man0/man0wd.egg,L10.R0007.egg,/man0/man0wd-wd6.egg,L10.R0007.A0001.egg,train
wd,L10,/man0/man0wd.egg,L10.R0007.egg,/man0/man0wd-wd7.egg,L10.R0007.A0005.egg,train
wd,L10,/man0/man0wd.egg,L10.R0007.egg,/man0/man0wd-wd1.egg,L10.R0007.A0000.egg,train
wd,L10,/man0/man0wd.egg,L10.R0007.egg,/man0/man0wd-wd2.egg,L10.R0007.A0009.egg,train
wd,L10,/man0/man0wd.egg,L10.R0007.egg,/man0/man0wd-wd3.egg,L10.R0007.A0003.egg,train
wd,L10,/man0/man0wd.egg,L10.R0007.egg,/man0/man0wd-wd4.egg,L10.R0007.A0008.egg,train
wd,L10,/woman1/woman12wd.egg,L10.R0005.egg,/woman1/woman12wd-wd8.egg,L10.R0005.A0004.egg,train
wd,L10,/woman1/woman12wd.egg,L10.R0005.egg,/woman1/woman12wd-wd10.egg,L10.R0005.A0001.egg,train
wd,L10,/woman1/woman12wd.egg,L10.R0005.egg,/woman1/woman12wd-wd9.egg,L10.R0005.A0007.egg,train
wd,L10,/woman1/woman12wd.egg,L10.R0005.egg,/woman1/woman12wd-wd2.egg,L10.R0005.A0008.egg,train
wd,L10,/woman1/woman12wd.egg,L10.R0005.egg,/woman1/woman12wd-wd6.egg,L10.R0005.A0006.egg,train
wd,L10,/woman1/woman12wd.egg,L10.R0005.egg,/woman1/woman12wd-wd4.egg,L10.R0005.A0005.egg,train
wd,L10,/woman1/woman12wd.egg,L10.R0005.egg,/woman1/woman12wd-wd3.egg,L10.R0005.A0003.egg,train
wd,L10,/woman1/woman12wd.egg,L10.R0005.egg,/woman1/woman12wd-wd5.egg,L10.R0005.A0000.egg,train
wd,L10,/woman1/woman12wd.egg,L10.R0005.egg,/woman1/woman12wd-wd7.egg,L10.R0005.A0002.egg,train
wd,L10,/man1/man12wd.egg,L10.R0002.egg,/man1/man12wd-wd6.egg,L10.R0002.A0005.egg,train
wd,L10,/man1/man12wd.egg,L10.R0002.egg,/man1/man12wd-wd3.egg,L10.R0002.A0000.egg,train
wd,L10,/man1/man12wd.egg,L10.R0002.egg,/man1/man12wd-wd8.egg,L10.R0002.A0004.egg,train
wd,L10,/man1/man12wd.egg,L10.R0002.egg,/man1/man12wd-wd7.egg,L10.R0002.A0002.egg,train
wd,L10,/man1/man12wd.egg,L10.R0002.egg,/man1/man12wd-wd2.egg,L10.R0002.A0003.egg,train
wd,L10,/man1/man12wd.egg,L10.R0002.egg,/man1/man12wd-wd4.egg,L10.R0002.A0001.egg,train
wd,L10,/man1/man12wd.egg,L10.R0002.egg,/man1/man12wd-wd5.egg,L10.R0002.A0006.egg,train
wd,L10,/man2/man22wd.egg,L10.R0008.egg,/man2/man22wd-wd2.egg,L10.R0008.A0008.egg,train
wd,L10,/man2/man22wd.egg,L10.R0008.egg,/man2/man22wd-wd9.egg,L10.R0008.A0007.egg,train
wd,L10,/man2/man22wd.egg,L10.R0008.egg,/man2/man22wd-wd5.egg,L10.R0008.A0006.egg,train
wd,L10,/man2/man22wd.egg,L10.R0008.egg,/man2/man22wd-wd7.egg,L10.R0008.A0004.egg,train
wd,L10,/man2/man22wd.egg,L10.R0008.egg,/man2/man22wd-wd4.egg,L10.R0008.A0000.egg,test
wd,L10,/man2/man22wd.egg,L10.R0008.egg,/man2/man22wd-wd6.egg,L10.R0008.A0005.egg,test
wd,L10,/man2/man22wd.egg,L10.R0008.egg,/man2/man22wd-wd10.egg,L10.R0008.A0002.egg,test
wd,L10,/man2/man22wd.egg,L10.R0008.egg,/man2/man22wd-wd8.egg,L10.R0008.A0003.egg,test
wd,L10,/man2/man22wd.egg,L10.R0008.egg,/man2/man22wd-wd3.egg,L10.R0008.A0001.egg,test
ts1,L08,/man2/man22ts1.egg,L08.R0007.egg,/man2/man22ts1-ts14.egg,L08.R0007.A0000.egg,train
ts1,L08,/man2/man22ts1.egg,L08.R0007.egg,/man2/man22ts1-ts15.egg,L08.R0007.A0003.egg,train
ts1,L08,/man2/man22ts1.egg,L08.R0007.egg,/man2/man22ts1-ts12.egg,L08.R0007.A0001.egg,train
ts1,L08,/man2/man22ts1.egg,L08.R0007.egg,/man2/man22ts1-ts13.egg,L08.R0007.A0002.egg,train
ts1,L08,/man0/man0ts1.egg,L08.R0006.egg,/man0/man0ts1-ts15.egg,L08.R0006.A0005.egg,train
ts1,L08,/man0/man0ts1.egg,L08.R0006.egg,/man0/man0ts1-ts14.egg,L08.R0006.A0004.egg,train
ts1,L08,/man0/man0ts1.egg,L08.R0006.egg,/man0/man0ts1-ts13.egg,L08.R0006.A0003.egg,train
ts1,L08,/man0/man0ts1.egg,L08.R0006.egg,/man0/man0ts1-ts12.egg,L08.R0006.A0001.egg,train
ts1,L08,/man0/man0ts1.egg,L08.R0006.egg,/man0/man0ts1-ts16.egg,L08.R0006.A0000.egg,train
ts1,L08,/man0/man0ts1.egg,L08.R0006.egg,/man0/man0ts1-ts11.egg,L08.R0006.A0002.egg,train
ts1,L08,/woman1/woman12ts1.egg,L08.R0004.egg,/woman1/woman12ts1-ts12.egg,L08.R0004.A0004.egg,train
ts1,L08,/woman1/woman12ts1.egg,L08.R0004.egg,/woman1/woman12ts1-ts16.egg,L08.R0004.A0000.egg,train
ts1,L08,/woman1/woman12ts1.egg,L08.R0004.egg,/woman1/woman12ts1-ts14.egg,L08.R0004.A0002.egg,train
ts1,L08,/woman1/woman12ts1.egg,L08.R0004.egg,/woman1/woman12ts1-ts15.egg,L08.R0004.A0003.egg,train
ts1,L08,/woman1/woman12ts1.egg,L08.R0004.egg,/woman1/woman12ts1-ts13.egg,L08.R0004.A0001.egg,train
ts1,L08,/man1/man12ts1.egg,L08.R0002.egg,/man1/man12ts1-ts12.egg,L08.R0002.A0000.egg,train
ts1,L08,/man1/man12ts1.egg,L08.R0002.egg,/man1/man12ts1-ts14.egg,L08.R0002.A0001.egg,train
ts1,L08,/man1/man12ts1.egg,L08.R0002.egg,/man1/man12ts1-ts13.egg,L08.R0002.A0002.egg,train
ts1,L08,/woman2/women22ts1.egg,L08.R0000.egg,/woman2/women22ts1-ts15.egg,L08.R0000.A0002.egg,test
ts1,L08,/woman2/women22ts1.egg,L08.R0000.egg,/woman2/women22ts1-ts14.egg,L08.R0000.A0001.egg,test
ts1,L08,/woman2/women22ts1.egg,L08.R0000.egg,/woman2/women22ts1-ts13.egg,L08.R0000.A0000.egg,test
ts1,L08,/woman2/women22ts1.egg,L08.R0000.egg,/woman2/women22ts1-ts12.egg,L08.R0000.A0003.egg,test
ts1,L08,/man2/man2ts1.egg,L08.R0008.egg,/man2/man2ts1-ts1.egg,L08.R0008.A0000.egg,test
ts1,L08,/man1/man1ts1.egg,L08.R0003.egg,/man1/man1ts1-ts1.egg,L08.R0003.A0000.egg,test
ts1,L08,/woman2/woman2ts1.egg,L08.R0001.egg,/woman2/woman2ts1-ts1.egg,L08.R0001.A0000.egg,test
ts1,L08,/woman1/woman1ts1.egg,L08.R0005.egg,/woman1/woman1ts1-ts1.egg,L08.R0005.A0000.egg,test
wtv,L12,/man2/man22wtv.egg,L12.R0007.egg,/man2/man22wtv-wtv5.egg,L12.R0007.A0006.egg,train
wtv,L12,/man2/man22wtv.egg,L12.R0007.egg,/man2/man22wtv-wtv10.egg,L12.R0007.A0005.egg,train
wtv,L12,/man2/man22wtv.egg,L12.R0007.egg,/man2/man22wtv-wtv8.egg,L12.R0007.A0001.egg,train
wtv,L12,/man2/man22wtv.egg,L12.R0007.egg,/man2/man22wtv-wtv2.egg,L12.R0007.A0004.egg,train
wtv,L12,/man2/man22wtv.egg,L12.R0007.egg,/man2/man22wtv-wtv9.egg,L12.R0007.A0003.egg,train
wtv,L12,/man2/man22wtv.egg,L12.R0007.egg,/man2/man22wtv-wtv3.egg,L12.R0007.A0008.egg,train
wtv,L12,/man2/man22wtv.egg,L12.R0007.egg,/man2/man22wtv-wtv7.egg,L12.R0007.A0007.egg,train
wtv,L12,/man2/man22wtv.egg,L12.R0007.egg,/man2/man22wtv-wtv6.egg,L12.R0007.A0002.egg,train
wtv,L12,/man2/man22wtv.egg,L12.R0007.egg,/man2/man22wtv-wtv4.egg,L12.R0007.A0000.egg,train
wtv,L12,/woman1/woman12wtv.egg,L12.R0004.egg,/woman1/woman12wtv-wtv2.egg,L12.R0004.A0008.egg,train
wtv,L12,/woman1/woman12wtv.egg,L12.R0004.egg,/woman1/woman12wtv-wtv6.egg,L12.R0004.A0006.egg,train
wtv,L12,/woman1/woman12wtv.egg,L12.R0004.egg,/woman1/woman12wtv-wtv3.egg,L12.R0004.A0000.egg,train
wtv,L12,/woman1/woman12wtv.egg,L12.R0004.egg,/woman1/woman12wtv-wtv5.egg,L12.R0004.A0002.egg,train
wtv,L12,/woman1/woman12wtv.egg,L12.R0004.egg,/woman1/woman12wtv-wtv10.egg,L12.R0004.A0003.egg,train
wtv,L12,/woman1/woman12wtv.egg,L12.R0004.egg,/woman1/woman12wtv-wtv9.egg,L12.R0004.A0007.egg,train
wtv,L12,/woman1/woman12wtv.egg,L12.R0004.egg,/woman1/woman12wtv-wtv7.egg,L12.R0004.A0005.egg,train
wtv,L12,/woman1/woman12wtv.egg,L12.R0004.egg,/woman1/woman12wtv-wtv4.egg,L12.R0004.A0004.egg,train
wtv,L12,/woman1/woman12wtv.egg,L12.R0004.egg,/woman1/woman12wtv-wtv8.egg,L12.R0004.A0001.egg,train
wtv,L12,/man1/man1wtv.egg,L12.R0003.egg,/man1/man1wtv-wtv.egg,L12.R0003.A0000.egg,train
wtv,L12,/woman2/women22wtv.egg,L12.R0000.egg,/woman2/women22wtv-wtv2.egg,L12.R0000.A0003.egg,train
wtv,L12,/woman2/women22wtv.egg,L12.R0000.egg,/woman2/women22wtv-wtv6.egg,L12.R0000.A0006.egg,train
wtv,L12,/woman2/women22wtv.egg,L12.R0000.egg,/woman2/women22wtv-wtv5.egg,L12.R0000.A0004.egg,train
wtv,L12,/woman2/women22wtv.egg,L12.R0000.egg,/woman2/women22wtv-wtv10.egg,L12.R0000.A0008.egg,train
wtv,L12,/woman2/women22wtv.egg,L12.R0000.egg,/woman2/women22wtv-wtv9.egg,L12.R0000.A0005.egg,train
wtv,L12,/woman2/women22wtv.egg,L12.R0000.egg,/woman2/women22wtv-wtv4.egg,L12.R0000.A0007.egg,train
wtv,L12,/woman2/women22wtv.egg,L12.R0000.egg,/woman2/women22wtv-wtv7.egg,L12.R0000.A0000.egg,train
wtv,L12,/woman2/women22wtv.egg,L12.R0000.egg,/woman2/women22wtv-wtv8.egg,L12.R0000.A0002.egg,train
wtv,L12,/woman2/women22wtv.egg,L12.R0000.egg,/woman2/women22wtv-wtv3.egg,L12.R0000.A0001.egg,train
wtv,L12,/woman1/woman1wtv.egg,L12.R0005.egg,/woman1/woman1wtv-wtv.egg,L12.R0005.A0000.egg,train
wtv,L12,/man0/man0wtv.egg,L12.R0006.egg,/man0/man0wtv-wtv2.egg,L12.R0006.A0002.egg,train
wtv,L12,/man0/man0wtv.egg,L12.R0006.egg,/man0/man0wtv-wtv8.egg,L12.R0006.A0004.egg,train
wtv,L12,/man0/man0wtv.egg,L12.R0006.egg,/man0/man0wtv-wtv5.egg,L12.R0006.A0006.egg,train
wtv,L12,/man0/man0wtv.egg,L12.R0006.egg,/man0/man0wtv-wtv9.egg,L12.R0006.A0000.egg,train
wtv,L12,/man0/man0wtv.egg,L12.R0006.egg,/man0/man0wtv-wtv7.egg,L12.R0006.A0003.egg,train
wtv,L12,/man0/man0wtv.egg,L12.R0006.egg,/man0/man0wtv-wtv6.egg,L12.R0006.A0008.egg,train
wtv,L12,/man0/man0wtv.egg,L12.R0006.egg,/man0/man0wtv-wtv3.egg,L12.R0006.A0005.egg,train
wtv,L12,/man0/man0wtv.egg,L12.R0006.egg,/man0/man0wtv-wtv10.egg,L12.R0006.A0001.egg,train
wtv,L12,/man0/man0wtv.egg,L12.R0006.egg,/man0/man0wtv-wtv1.egg,L12.R0006.A0009.egg,train
wtv,L12,/man0/man0wtv.egg,L12.R0006.egg,/man0/man0wtv-wtv4.egg,L12.R0006.A0007.egg,train
wtv,L12,/man2/man2wtv.egg,L12.R0008.egg,/man2/man2wtv-wtv.egg,L12.R0008.A0000.egg,train
wtv,L12,/woman2/woman2wtv.egg,L12.R0001.egg,/woman2/woman2wtv-wtv.egg,L12.R0001.A0000.egg,train
wtv,L12,/man1/man12wtv.egg,L12.R0002.egg,/man1/man12wtv-wtv3.egg,L12.R0002.A0002.egg,train
wtv,L12,/man1/man12wtv.egg,L12.R0002.egg,/man1/man12wtv-wtv8.egg,L12.R0002.A0007.egg,train
wtv,L12,/man1/man12wtv.egg,L12.R0002.egg,/man1/man12wtv-wtv9.egg,L12.R0002.A0003.egg,train
wtv,L12,/man1/man12wtv.egg,L12.R0002.egg,/man1/man12wtv-wtv6.egg,L12.R0002.A0005.egg,train
wtv,L12,/man1/man12wtv.egg,L12.R0002.egg,/man1/man12wtv-wtv4.egg,L12.R0002.A0000.egg,test
wtv,L12,/man1/man12wtv.egg,L12.R0002.egg,/man1/man12wtv-wtv2.egg,L12.R0002.A0008.egg,test
wtv,L12,/man1/man12wtv.egg,L12.R0002.egg,/man1/man12wtv-wtv10.egg,L12.R0002.A0004.egg,test
wtv,L12,/man1/man12wtv.egg,L12.R0002.egg,/man1/man12wtv-wtv7.egg,L12.R0002.A0001.egg,test
wtv,L12,/man1/man12wtv.egg,L12.R0002.egg,/man1/man12wtv-wtv5.egg,L12.R0002.A0006.egg,test
mj,L02,/woman1/woman1mj1.egg,L02.R0004.egg,/woman1/woman1mj1-mj1.egg,L02.R0004.A0000.egg,train
mj,L02,/man2/man2mj1.egg,L02.R0008.egg,/man2/man2mj1-mj1.egg,L02.R0008.A0000.egg,train
mj,L02,/man0/man0mj.egg,L02.R0006.egg,/man0/man0mj-mj4.egg,L02.R0006.A0005.egg,train
mj,L02,/man0/man0mj.egg,L02.R0006.egg,/man0/man0mj-mj10.egg,L02.R0006.A0003.egg,train
mj,L02,/man0/man0mj.egg,L02.R0006.egg,/man0/man0mj-mj3.egg,L02.R0006.A0002.egg,train
mj,L02,/man0/man0mj.egg,L02.R0006.egg,/man0/man0mj-mj2.egg,L02.R0006.A0006.egg,train
mj,L02,/man0/man0mj.egg,L02.R0006.egg,/man0/man0mj-mj5.egg,L02.R0006.A0007.egg,train
mj,L02,/man0/man0mj.egg,L02.R0006.egg,/man0/man0mj-mj8.egg,L02.R0006.A0004.egg,train
mj,L02,/man0/man0mj.egg,L02.R0006.egg,/man0/man0mj-mj9.egg,L02.R0006.A0000.egg,train
mj,L02,/man0/man0mj.egg,L02.R0006.egg,/man0/man0mj-mj7.egg,L02.R0006.A0001.egg,train
mj,L02,/man0/man0mj.egg,L02.R0006.egg,/man0/man0mj-mj6.egg,L02.R0006.A0008.egg,train
mj,L02,/woman2/women22mj.egg,L02.R0000.egg,/woman2/women22mj-mj3.egg,L02.R0000.A0007.egg,train
mj,L02,/woman2/women22mj.egg,L02.R0000.egg,/woman2/women22mj-mj5.egg,L02.R0000.A0008.egg,train
mj,L02,/woman2/women22mj.egg,L02.R0000.egg,/woman2/women22mj-mj2.egg,L02.R0000.A0001.egg,train
mj,L02,/woman2/women22mj.egg,L02.R0000.egg,/woman2/women22mj-mj10.egg,L02.R0000.A0004.egg,train
mj,L02,/woman2/women22mj.egg,L02.R0000.egg,/woman2/women22mj-mj8.egg,L02.R0000.A0006.egg,train
mj,L02,/woman2/women22mj.egg,L02.R0000.egg,/woman2/women22mj-mj6.egg,L02.R0000.A0000.egg,train
mj,L02,/woman2/women22mj.egg,L02.R0000.egg,/woman2/women22mj-mj7.egg,L02.R0000.A0002.egg,train
mj,L02,/woman2/women22mj.egg,L02.R0000.egg,/woman2/women22mj-mj4.egg,L02.R0000.A0005.egg,train
mj,L02,/woman2/women22mj.egg,L02.R0000.egg,/woman2/women22mj-mj9.egg,L02.R0000.A0003.egg,train
mj,L02,/man2/man23mj.egg,L02.R0007.egg,/man2/man23mj-mj6.egg,L02.R0007.A0006.egg,train
mj,L02,/man2/man23mj.egg,L02.R0007.egg,/man2/man23mj-mj8.egg,L02.R0007.A0003.egg,train
mj,L02,/man2/man23mj.egg,L02.R0007.egg,/man2/man23mj-mj4.egg,L02.R0007.A0005.egg,train
mj,L02,/man2/man23mj.egg,L02.R0007.egg,/man2/man23mj-mj7.egg,L02.R0007.A0002.egg,train
mj,L02,/man2/man23mj.egg,L02.R0007.egg,/man2/man23mj-mj10.egg,L02.R0007.A0007.egg,train
mj,L02,/man2/man23mj.egg,L02.R0007.egg,/man2/man23mj-mj9.egg,L02.R0007.A0000.egg,train
mj,L02,/man2/man23mj.egg,L02.R0007.egg,/man2/man23mj-mj5.egg,L02.R0007.A0001.egg,train
mj,L02,/man2/man23mj.egg,L02.R0007.egg,/man2/man23mj-mj3.egg,L02.R0007.A0004.egg,train
mj,L02,/woman2/woman2mj1.egg,L02.R0001.egg,/woman2/woman2mj1-mj1.egg,L02.R0001.A0000.egg,train
mj,L02,/man1/man12mj.egg,L02.R0002.egg,/man1/man12mj-mj10.egg,L02.R0002.A0008.egg,train
mj,L02,/man1/man12mj.egg,L02.R0002.egg,/man1/man12mj-mj4.egg,L02.R0002.A0002.egg,train
mj,L02,/man1/man12mj.egg,L02.R0002.egg,/man1/man12mj-mj2.egg,L02.R0002.A0004.egg,train
mj,L02,/man1/man12mj.egg,L02.R0002.egg,/man1/man12mj-mj7.egg,L02.R0002.A0000.egg,train
mj,L02,/man1/man12mj.egg,L02.R0002.egg,/man1/man12mj-mj3.egg,L02.R0002.A0005.egg,train
mj,L02,/man1/man12mj.egg,L02.R0002.egg,/man1/man12mj-mj5.egg,L02.R0002.A0001.egg,train
mj,L02,/man1/man12mj.egg,L02.R0002.egg,/man1/man12mj-mj9.egg,L02.R0002.A0007.egg,train
mj,L02,/man1/man12mj.egg,L02.R0002.egg,/man1/man12mj-mj8.egg,L02.R0002.A0006.egg,train
mj,L02,/man1/man12mj.egg,L02.R0002.egg,/man1/man12mj-mj6.egg,L02.R0002.A0003.egg,train
mj,L02,/man1/man1mj1.egg,L02.R0003.egg,/man1/man1mj1-mj1.egg,L02.R0003.A0000.egg,train
mj,L02,/man2/man22mj.egg,L02.R0009.egg,/man2/man22mj-mj2.egg,L02.R0009.A0000.egg,train
mj,L02,/woman1/woman12mj.egg,L02.R0005.egg,/woman1/woman12mj-mj9.egg,L02.R0005.A0007.egg,train
mj,L02,/woman1/woman12mj.egg,L02.R0005.egg,/woman1/woman12mj-mj4.egg,L02.R0005.A0005.egg,train
mj,L02,/woman1/woman12mj.egg,L02.R0005.egg,/woman1/woman12mj-mj3.egg,L02.R0005.A0001.egg,train
mj,L02,/woman1/woman12mj.egg,L02.R0005.egg,/woman1/woman12mj-mj7.egg,L02.R0005.A0003.egg,train
mj,L02,/woman1/woman12mj.egg,L02.R0005.egg,/woman1/woman12mj-mj2.egg,L02.R0005.A0006.egg,train
mj,L02,/woman1/woman12mj.egg,L02.R0005.egg,/woman1/woman12mj-mj8.egg,L02.R0005.A0004.egg,test
mj,L02,/woman1/woman12mj.egg,L02.R0005.egg,/woman1/woman12mj-mj5.egg,L02.R0005.A0002.egg,test
mj,L02,/woman1/woman12mj.egg,L02.R0005.egg,/woman1/woman12mj-mj6.egg,L02.R0005.A0000.egg,test
mj,L02,/woman1/woman12mj.egg,L02.R0005.egg,/woman1/woman12mj-mj10.egg,L02.R0005.A0008.egg,test
pm2,L06,/man1/man1pm2.egg,L06.R0003.egg,/man1/man1pm2-pm2.egg,L06.R0003.A0000.egg,train
pm2,L06,/woman2/women22pm2.egg,L06.R0000.egg,/woman2/women22pm2-pm25.egg,L06.R0000.A0001.egg,train
pm2,L06,/woman2/women22pm2.egg,L06.R0000.egg,/woman2/women22pm2-pm23.egg,L06.R0000.A0002.egg,train
pm2,L06,/woman2/women22pm2.egg,L06.R0000.egg,/woman2/women22pm2-pm28.egg,L06.R0000.A0007.egg,train
pm2,L06,/woman2/women22pm2.egg,L06.R0000.egg,/woman2/women22pm2-pm210.egg,L06.R0000.A0000.egg,train
pm2,L06,/woman2/women22pm2.egg,L06.R0000.egg,/woman2/women22pm2-pm22.egg,L06.R0000.A0005.egg,train
pm2,L06,/woman2/women22pm2.egg,L06.R0000.egg,/woman2/women22pm2-pm26.egg,L06.R0000.A0008.egg,train
pm2,L06,/woman2/women22pm2.egg,L06.R0000.egg,/woman2/women22pm2-pm29.egg,L06.R0000.A0003.egg,train
pm2,L06,/woman2/women22pm2.egg,L06.R0000.egg,/woman2/women22pm2-pm27.egg,L06.R0000.A0006.egg,train
pm2,L06,/woman2/women22pm2.egg,L06.R0000.egg,/woman2/women22pm2-pm24.egg,L06.R0000.A0004.egg,train
pm2,L06,/woman1/woman1pm2.egg,L06.R0007.egg,/woman1/woman1pm2-pm2.egg,L06.R0007.A0000.egg,train
pm2,L06,/woman1/woman13pm2.egg,L06.R0006.egg,/woman1/woman13pm2-pm29.egg,L06.R0006.A0003.egg,train
pm2,L06,/woman1/woman13pm2.egg,L06.R0006.egg,/woman1/woman13pm2-pm210.egg,L06.R0006.A0001.egg,train
pm2,L06,/woman1/woman13pm2.egg,L06.R0006.egg,/woman1/woman13pm2-pm27.egg,L06.R0006.A0000.egg,train
pm2,L06,/woman1/woman13pm2.egg,L06.R0006.egg,/woman1/woman13pm2-pm28.egg,L06.R0006.A0002.egg,train
pm2,L06,/man0/man0pm2.egg,L06.R0008.egg,/man0/man0pm2-pm210.egg,L06.R0008.A0007.egg,train
pm2,L06,/man0/man0pm2.egg,L06.R0008.egg,/man0/man0pm2-pm21.egg,L06.R0008.A0008.egg,train
pm2,L06,/man0/man0pm2.egg,L06.R0008.egg,/man0/man0pm2-pm23.egg,L06.R0008.A0003.egg,train
pm2,L06,/man0/man0pm2.egg,L06.R0008.egg,/man0/man0pm2-pm22.egg,L06.R0008.A0005.egg,train
pm2,L06,/man0/man0pm2.egg,L06.R0008.egg,/man0/man0pm2-pm25.egg,L06.R0008.A0001.egg,train
pm2,L06,/man0/man0pm2.egg,L06.R0008.egg,/man0/man0pm2-pm29.egg,L06.R0008.A0004.egg,train
pm2,L06,/man0/man0pm2.egg,L06.R0008.egg,/man0/man0pm2-pm27.egg,L06.R0008.A0009.egg,train
pm2,L06,/man0/man0pm2.egg,L06.R0008.egg,/man0/man0pm2-pm26.egg,L06.R0008.A0006.egg,train
pm2,L06,/man0/man0pm2.egg,L06.R0008.egg,/man0/man0pm2-pm24.egg,L06.R0008.A0000.egg,train
pm2,L06,/man0/man0pm2.egg,L06.R0008.egg,/man0/man0pm2-pm28.egg,L06.R0008.A0002.egg,train
pm2,L06,/woman2/woman2pm2.egg,L06.R0001.egg,/woman2/woman2pm2-pm2.egg,L06.R0001.A0000.egg,train
pm2,L06,/man1/man12pm2.egg,L06.R0002.egg,/man1/man12pm2-pm23.egg,L06.R0002.A0007.egg,train
pm2,L06,/man1/man12pm2.egg,L06.R0002.egg,/man1/man12pm2-pm28.egg,L06.R0002.A0002.egg,train
pm2,L06,/man1/man12pm2.egg,L06.R0002.egg,/man1/man12pm2-pm27.egg,L06.R0002.A0003.egg,train
pm2,L06,/man1/man12pm2.egg,L06.R0002.egg,/man1/man12pm2-pm24.egg,L06.R0002.A0001.egg,train
pm2,L06,/man1/man12pm2.egg,L06.R0002.egg,/man1/man12pm2-pm22.egg,L06.R0002.A0004.egg,train
pm2,L06,/man1/man12pm2.egg,L06.R0002.egg,/man1/man12pm2-pm26.egg,L06.R0002.A0005.egg,train
pm2,L06,/man1/man12pm2.egg,L06.R0002.egg,/man1/man12pm2-pm29.egg,L06.R0002.A0006.egg,train
pm2,L06,/man1/man12pm2.egg,L06.R0002.egg,/man1/man12pm2-pm25.egg,L06.R0002.A0000.egg,train
pm2,L06,/man2/man22pm2.egg,L06.R0009.egg,/man2/man22pm2-pm25.egg,L06.R0009.A0001.egg,train
pm2,L06,/man2/man22pm2.egg,L06.R0009.egg,/man2/man22pm2-pm27.egg,L06.R0009.A0005.egg,train
pm2,L06,/man2/man22pm2.egg,L06.R0009.egg,/man2/man22pm2-pm23.egg,L06.R0009.A0006.egg,train
pm2,L06,/man2/man22pm2.egg,L06.R0009.egg,/man2/man22pm2-pm22.egg,L06.R0009.A0004.egg,train
pm2,L06,/man2/man22pm2.egg,L06.R0009.egg,/man2/man22pm2-pm29.egg,L06.R0009.A0003.egg,train
pm2,L06,/man2/man22pm2.egg,L06.R0009.egg,/man2/man22pm2-pm210.egg,L06.R0009.A0002.egg,train
pm2,L06,/man2/man22pm2.egg,L06.R0009.egg,/man2/man22pm2-pm24.egg,L06.R0009.A0007.egg,train
pm2,L06,/man2/man22pm2.egg,L06.R0009.egg,/man2/man22pm2-pm28.egg,L06.R0009.A0008.egg,train
pm2,L06,/man2/man22pm2.egg,L06.R0009.egg,/man2/man22pm2-pm26.egg,L06.R0009.A0000.egg,train
pm2,L06,/man2/man2pm2.egg,L06.R0010.egg,/man2/man2pm2-pm2.egg,L06.R0010.A0000.egg,train
pm2,L06,/man1/man13pm2.egg,L06.R0004.egg,/man1/man13pm2-pm210.egg,L06.R0004.A0000.egg,train
pm2,L06,/woman1/woman12pm2.egg,L06.R0005.egg,/woman1/woman12pm2-pm24.egg,L06.R0005.A0000.egg,test
pm2,L06,/woman1/woman12pm2.egg,L06.R0005.egg,/woman1/woman12pm2-pm22.egg,L06.R0005.A0002.egg,test
pm2,L06,/woman1/woman12pm2.egg,L06.R0005.egg,/woman1/woman12pm2-pm25.egg,L06.R0005.A0003.egg,test
pm2,L06,/woman1/woman12pm2.egg,L06.R0005.egg,/woman1/woman12pm2-pm23.egg,L06.R0005.A0004.egg,test
pm2,L06,/woman1/woman12pm2.egg,L06.R0005.egg,/woman1/woman12pm2-pm26.egg,L06.R0005.A0001.egg,test
